<?xml version="1.0" encoding="utf-8"?><!-- Copyright (c) Microsoft Corporation.  All rights reserved. --><GroupPolicyBackupScheme bkp:version="2.0" bkp:type="GroupPolicyBackupTemplate" xmlns:bkp="http://www.microsoft.com/GroupPolicy/GPOOperations" xmlns="http://www.microsoft.com/GroupPolicy/GPOOperations">
    <GroupPolicyObject><SecurityGroups><Group bkp:Source="FromDACL"><Sid><![CDATA[S-1-5-21-3934755689-918866682-4095901288-512]]></Sid><SamAccountName><![CDATA[Domain Admins]]></SamAccountName><Type><![CDATA[GlobalGroup]]></Type><NetBIOSDomainName><![CDATA[CLOUDAMOURDEV]]></NetBIOSDomainName><DnsDomainName><![CDATA[dev.cloudamour.com]]></DnsDomainName><UPN><![CDATA[Domain Admins@dev.cloudamour.com]]></UPN></Group><Group bkp:Source="FromDACL"><Sid><![CDATA[S-1-5-21-3934755689-918866682-4095901288-519]]></Sid><SamAccountName><![CDATA[Enterprise Admins]]></SamAccountName><Type><![CDATA[UniversalGroup]]></Type><NetBIOSDomainName><![CDATA[CLOUDAMOURDEV]]></NetBIOSDomainName><DnsDomainName><![CDATA[dev.cloudamour.com]]></DnsDomainName><UPN><![CDATA[Enterprise Admins@dev.cloudamour.com]]></UPN></Group></SecurityGroups><FilePaths/><GroupPolicyCoreSettings><ID><![CDATA[{BA80FFB8-B750-4648-90FF-48953CD71330}]]></ID><Domain><![CDATA[dev.cloudamour.com]]></Domain><SecurityDescriptor>01 00 04 9c 00 00 00 00 00 00 00 00 00 00 00 00 14 00 00 00 04 00 ec 00 08 00 00 00 05 02 28 00 00 01 00 00 01 00 00 00 8f fd ac ed b3 ff d1 11 b4 1d 00 a0 c9 68 f9 39 01 01 00 00 00 00 00 05 0b 00 00 00 00 00 24 00 ff 00 0f 00 01 05 00 00 00 00 00 05 15 00 00 00 69 9b 87 ea fa ca c4 36 68 7e 22 f4 00 02 00 00 00 02 24 00 ff 00 0f 00 01 05 00 00 00 00 00 05 15 00 00 00 69 9b 87 ea fa ca c4 36 68 7e 22 f4 00 02 00 00 00 02 24 00 ff 00 0f 00 01 05 00 00 00 00 00 05 15 00 00 00 69 9b 87 ea fa ca c4 36 68 7e 22 f4 07 02 00 00 00 02 14 00 94 00 02 00 01 01 00 00 00 00 00 05 09 00 00 00 00 02 14 00 94 00 02 00 01 01 00 00 00 00 00 05 0b 00 00 00 00 02 14 00 ff 00 0f 00 01 01 00 00 00 00 00 05 12 00 00 00 00 0a 14 00 ff 00 0f 00 01 01 00 00 00 00 00 03 00 00 00 00</SecurityDescriptor><DisplayName><![CDATA[Office 365 Deployment Shortcut]]></DisplayName><Options><![CDATA[0]]></Options><UserVersionNumber><![CDATA[327685]]></UserVersionNumber><MachineVersionNumber><![CDATA[851981]]></MachineVersionNumber><MachineExtensionGuids><![CDATA[ ]]></MachineExtensionGuids><UserExtensionGuids><![CDATA[[{00000000-0000-0000-0000-000000000000}{CEFFA6E2-E3BD-421B-852C-6F6A79A59BC1}][{C418DD9D-0D14-4EFB-8FBF-CFE535C8FAC7}{CEFFA6E2-E3BD-421B-852C-6F6A79A59BC1}]]]></UserExtensionGuids><WMIFilter/></GroupPolicyCoreSettings> 
        <GroupPolicyExtension bkp:ID="{35378EAC-683F-11D2-A89A-00C04FBBCFA2}" bkp:DescName="Registry">
            
            
            <FSObjectFile bkp:Path="%GPO_FSPATH%\Adm\*.*" bkp:SourceExpandedPath="\\DEV-2K12-DC01.dev.cloudamour.com\sysvol\dev.cloudamour.com\Policies\{BA80FFB8-B750-4648-90FF-48953CD71330}\Adm\*.*"/>
        </GroupPolicyExtension>
        
        
        
        
        
        
        
        
        
    <GroupPolicyExtension bkp:ID="{F15C46CD-82A0-4C2D-A210-5D0D3182A418}" bkp:DescName="Unknown Extension"><FSObjectDir bkp:Path="%GPO_MACH_FSPATH%\Preferences" bkp:SourceExpandedPath="\\DEV-2K12-DC01.dev.cloudamour.com\sysvol\dev.cloudamour.com\Policies\{BA80FFB8-B750-4648-90FF-48953CD71330}\Machine\Preferences" bkp:Location="DomainSysvol\GPO\Machine\Preferences"/><FSObjectDir bkp:Path="%GPO_MACH_FSPATH%\Preferences\Shortcuts" bkp:SourceExpandedPath="\\DEV-2K12-DC01.dev.cloudamour.com\sysvol\dev.cloudamour.com\Policies\{BA80FFB8-B750-4648-90FF-48953CD71330}\Machine\Preferences\Shortcuts" bkp:Location="DomainSysvol\GPO\Machine\Preferences\Shortcuts"/><FSObjectDir bkp:Path="%GPO_USER_FSPATH%\Preferences" bkp:SourceExpandedPath="\\DEV-2K12-DC01.dev.cloudamour.com\sysvol\dev.cloudamour.com\Policies\{BA80FFB8-B750-4648-90FF-48953CD71330}\User\Preferences" bkp:Location="DomainSysvol\GPO\User\Preferences"/><FSObjectDir bkp:Path="%GPO_USER_FSPATH%\Preferences\Shortcuts" bkp:SourceExpandedPath="\\DEV-2K12-DC01.dev.cloudamour.com\sysvol\dev.cloudamour.com\Policies\{BA80FFB8-B750-4648-90FF-48953CD71330}\User\Preferences\Shortcuts" bkp:Location="DomainSysvol\GPO\User\Preferences\Shortcuts"/><FSObjectFile bkp:Path="%GPO_USER_FSPATH%\Preferences\Shortcuts\Shortcuts.xml" bkp:SourceExpandedPath="\\DEV-2K12-DC01.dev.cloudamour.com\sysvol\dev.cloudamour.com\Policies\{BA80FFB8-B750-4648-90FF-48953CD71330}\User\Preferences\Shortcuts\Shortcuts.xml" bkp:Location="DomainSysvol\GPO\User\Preferences\Shortcuts\Shortcuts.xml"/></GroupPolicyExtension></GroupPolicyObject>
</GroupPolicyBackupScheme>