<Backups xmlns="http://www.microsoft.com/GroupPolicy/GPOOperations/Manifest" xmlns:mfst="http://www.microsoft.com/GroupPolicy/GPOOperations/Manifest" mfst:version="1.0"><BackupInst><GPOGuid><![CDATA[{BA80FFB8-B750-4648-90FF-48953CD71330}]]></GPOGuid><GPODomain><![CDATA[dev.cloudamour.com]]></GPODomain><GPODomainGuid><![CDATA[{b7761f3d-f110-47c1-bae4-201bd8f386f3}]]></GPODomainGuid><GPODomainController><![CDATA[DEV-2K12-DC01.dev.cloudamour.com]]></GPODomainController><BackupTime><![CDATA[2015-09-16T13:52:19]]></BackupTime><ID><![CDATA[{1F8C4C02-BB4D-4904-A2F2-8D4E854B4CB5}]]></ID><Comment><![CDATA[]]></Comment><GPODisplayName><![CDATA[Office 365 Deployment Shortcut]]></GPODisplayName></BackupInst></Backups>